slug,titleES,titleEN,excerptES,excerptEN,categoryES,categoryEN,author,date,readTime,relatedMoneyPage
agentes-ia-atencion-cliente-chile,Agentes IA para Atención al Cliente en Chile,AI Agents for Customer Service in Chile,Reduce tiempos de respuesta 24/7. Cómo empresas chilenas automatizan soporte con agentes que entienden contexto local.,24/7 customer service without hiring. Chilean companies automate support with context-aware agents.,Caso de Estudio,Case Study,N3uralia Team,2026-02-15,6 min,/es/agentes-ia-chile
integracion-erp-agentes-ia-chile,Integración ERP + Agentes IA en Chile,ERP Integration + AI Agents in Chile,Conecta tu SAP o Baan con agentes inteligentes sin disrupciones. Casos reales de manufactura y retail chileno.,Connect your SAP or legacy ERP with intelligent agents. Real cases from Chilean manufacturing and retail.,Técnico,Technical,N3uralia Team,2026-02-14,8 min,/es/agentes-ia-chile
automatizacion-invoice-processing-chile,Automatización de Facturación con IA en Chile,Invoice Automation with AI in Chile,Procesa 10.000+ facturas/mes sin errores. Integramos con contabilidad local y normas tributarias chilenas.,Process 10K+ invoices monthly error-free. Integration with Chilean local accounting and tax standards.,Técnico,Technical,N3uralia Team,2026-02-13,7 min,/es/automatizacion-ia-empresas-chile
living-agents-aprendizaje-continuo-chile,Living Agents: IA que Aprende tu Negocio Chileno,Living Agents: AI Learning Your Chilean Business,Agentes que mejoran cada interacción. Descubre cómo adaptan decisiones al contexto específico de tu operación.,Agents that improve from every interaction. Adapt decisions to your operation's unique context.,Innovación,Innovation,N3uralia Team,2026-02-12,10 min,/es/soluciones-agenticas-chile
rpa-vs-agentes-ia-cual-elegir-chile,RPA vs Agentes IA: ¿Cuál elegir en Chile?,RPA vs AI Agents: Which to Choose in Chile?,Comparativa técnica entre RPA tradicional y Living Agents. Ventajas, limitaciones y cuándo usar cada uno.,Technical comparison between traditional RPA and Living Agents. Advantages limitations and when to use each.,Técnico,Technical,N3uralia Team,2026-02-11,9 min,/es/automatizacion-ia-empresas-chile
gobernanza-ia-compliance-chile,Gobernanza de IA y Compliance en Empresas Chilenas,AI Governance and Compliance for Chilean Companies,Marco legal, auditoría y seguridad. Cómo implementar agentes cumpliendo normativas chilenas e internacionales.,Legal framework audit and security. Implement agents while maintaining Chilean and international compliance.,Gobernanza,Governance,N3uralia Team,2026-02-10,11 min,/es/soluciones-agenticas-chile
orquestacion-multi-agentes-retail-chile,Orquestación Multi-Agentes en Retail Chileno,Multi-Agent Orchestration in Chilean Retail,Múltiples agentes coordinados para e-commerce. Gestión de inventario órdenes y clientes simultáneamente.,Multiple agents coordinated for e-commerce. Manage inventory orders and customers simultaneously.,Caso de Estudio,Case Study,N3uralia Team,2026-02-09,8 min,/es/agentes-ia-chile
memoria-distribuida-agentes-operacion,Memoria Distribuida: El Cerebro de Agentes en Operación,Distributed Memory: The Brain of Production Agents,Cómo Living Agents recuerdan contexto entre interacciones. Arquitectura y patrones de producción.,How Living Agents remember context across interactions. Production architecture and patterns.,Técnico,Technical,N3uralia Team,2026-02-08,10 min,/es/soluciones-agenticas-chile
migracion-rpa-agentes-ia-paso-a-paso,Migración de RPA a Agentes IA: Guía Paso a Paso,Migrating RPA to AI Agents: Step-by-Step Guide,Transición segura desde sistemas RPA heredados a Living Agents sin downtime ni pérdida de datos.,Safe transition from legacy RPA systems to Living Agents with zero downtime and data integrity.,Técnico,Technical,N3uralia Team,2026-02-07,9 min,/es/automatizacion-ia-empresas-chile
agentes-ia-logistica-supply-chain-chile,Agentes IA para Logística y Supply Chain en Chile,AI Agents for Chilean Logistics and Supply Chain,Optimiza rutas predicciones de demanda y gestión de proveedores. Casos de empresas chilenas de logística.,Optimize routes demand forecasting and vendor management. Real cases from Chilean logistics companies.,Caso de Estudio,Case Study,N3uralia Team,2026-02-06,7 min,/es/agentes-ia-chile
chatbot-ia-vs-agentes-diferencia-empresarial,Chatbots IA vs Agentes: La Diferencia Empresarial,AI Chatbots vs Agents: The Business Difference,Por qué Living Agents resuelven problemas que chatbots no pueden. Impacto en operaciones y ROI.,Why Living Agents solve problems chatbots can't. Impact on operations and ROI.,Innovación,Innovation,N3uralia Team,2026-02-05,6 min,/es/soluciones-agenticas-chile
seguridad-datos-agentes-ia-chile,Seguridad de Datos en Agentes IA: Guía para Chile,Data Security in AI Agents: Guide for Chile,Protege información sensible con agentes seguros. Encriptación auditoría y cumplimiento LGPD/GDPR.,Protect sensitive information with secure agents. Encryption audit and LGPD/GDPR compliance.,Gobernanza,Governance,N3uralia Team,2026-02-04,8 min,/es/automatizacion-ia-empresas-chile
roi-automatizacion-ia-empresas-chilenas,ROI de Automatización IA: Cálculo Real en Empresas Chilenas,ROI of AI Automation: Real Calculation for Chilean Companies,¿Cuánto ahorran realmente? Métrica de impacto y timeline de retorno de inversión en automatización.,How much do companies actually save? Impact metrics and ROI timeline for AI automation.,Caso de Estudio,Case Study,N3uralia Team,2026-02-03,7 min,/es/agentes-ia-chile
arquitectura-living-agents-escala-produccion,Arquitectura de Living Agents a Escala de Producción,Living Agents Architecture at Production Scale,Cómo diseñar agentes que escalen a millones de transacciones. Patrones de arquitectura y optimización.,Design agents that scale to millions of transactions. Proven architecture patterns and optimization.,Técnico,Technical,N3uralia Team,2026-02-02,11 min,/es/soluciones-agenticas-chile
inteligencia-artificial-manufactura-chile-resultados,Inteligencia Artificial en Manufactura Chilena: Resultados Reales,AI in Chilean Manufacturing: Real Results,Empresas chilenas reducen downtime en 70%. Casos de uso de fabricación predictiva y optimización de procesos.,Chilean companies reduce downtime by 70%. Predictive manufacturing and process optimization cases.,Caso de Estudio,Case Study,N3uralia Team,2026-02-01,8 min,/es/agentes-ia-chile
procesamiento-lenguaje-natural-negocio-chileno,Procesamiento de Lenguaje Natural en tu Negocio Chileno,NLP in Your Chilean Business,NLP que entiende español chileno. Cómo los agentes procesan idioma local y generan decisiones precisas.,NLP that understands Chilean Spanish. How agents process local language and generate precise decisions.,Técnico,Technical,N3uralia Team,2026-01-31,9 min,/es/soluciones-agenticas-chile
automatizacion-recursos-humanos-reclutamiento,Automatización de RRHH: Reclutamiento y Gestión Inteligente,HR Automation: Intelligent Recruitment and Management,Agentes que seleccionan candidatos procesan solicitudes y onboarding automático. Reduce tiempo de contratación.,Agents that screen candidates process applications and automate onboarding. Cut hiring time by 80%.,Caso de Estudio,Case Study,N3uralia Team,2026-01-30,7 min,/es/automatizacion-ia-empresas-chile
monitoreo-agentes-alertas-tiempo-real,Monitoreo de Agentes IA: Alertas en Tiempo Real,Monitoring AI Agents: Real-Time Alerts,Dashboard completo de salud de agentes métricas de performance y alertas ante anomalías.,Complete agent health dashboard performance metrics and anomaly alerts.,Técnico,Technical,N3uralia Team,2026-01-29,6 min,/es/soluciones-agenticas-chile
casos-fracaso-automatizacion-ia-evita-errores,Casos de Fracaso en Automatización IA: Evita Estos Errores,AI Automation Failure Cases: Avoid These Mistakes,Analizamos proyectos que fallaron y cómo evitar los mismos errores en tu implementación.,Analyze failed projects and how to avoid the same mistakes in your implementation.,Caso de Estudio,Case Study,N3uralia Team,2026-01-28,8 min,/es/automatizacion-ia-empresas-chile
privacidad-agentes-ia-datos-clientes-chile,Privacidad en Agentes IA: Proteción de Datos de Clientes,Privacy in AI Agents: Customer Data Protection,Cómo manejar datos personales con agentes cumpliendo LGPD y regulaciones chilenas. Frameworks legales.,Handle personal data with agents meeting LGPD and Chilean regulations. Legal frameworks.,Gobernanza,Governance,N3uralia Team,2026-01-27,9 min,/es/soluciones-agenticas-chile
agentes-ia-turismo-hospitalidad-chile,Agentes IA para Turismo y Hospitalidad en Chile,AI Agents for Tourism and Hospitality in Chile,Automatiza reservas consultas y servicio al cliente 24/7. Casos de hoteles y operadores turísticos chilenos.,Automate bookings inquiries and customer service 24/7. Real cases from Chilean hotels and tour operators.,Caso de Estudio,Case Study,N3uralia Team,2026-01-26,7 min,/es/agentes-ia-chile
futuro-agentes-ia-2026-2027-tendencias,El Futuro de Agentes IA en 2026-2027: Tendencias Emergentes,The Future of AI Agents in 2026-2027: Emerging Trends,Qué esperar de Living Agents regulaciones y capacidades futuras en sistemas agenticos empresariales.,What to expect from Living Agents regulations and future capabilities in enterprise agentic systems.,Innovación,Innovation,N3uralia Team,2026-01-25,10 min,/es/soluciones-agenticas-chile
integracion-agentes-sistemas-contables-chilenos,Integración de Agentes con Sistemas Contables Chilenos,Integration of Agents with Chilean Accounting Systems,Conecta agentes con Contpaqi Bsale u otros. Automatiza asientos contables auditoría y tributación.,Connect agents with Contpaqi Bsale or others. Automate accounting entries audit and taxation.,Técnico,Technical,N3uralia Team,2026-01-24,8 min,/es/automatizacion-ia-empresas-chile
ventajas-agentes-ia-costo-beneficio-empresas,Ventajas de Agentes IA: Análisis Costo-Beneficio para Empresas,AI Agents Advantages: Cost-Benefit Analysis for Companies,Compara inversión vs ahorros operacionales productividad y escalabilidad. Decisiones basadas en datos.,Compare investment vs operational savings productivity and scalability. Data-driven decisions.,Caso de Estudio,Case Study,N3uralia Team,2026-01-23,6 min,/es/agentes-ia-chile
